"number","html_url","title","body"
"1781","https://github.com/ioBroker/ioBroker.javascript/pull/1781","Update openai requirement from ^4.57.0 to ^4.77.0 in /src","Updates the requirements on [openai](https://github.com/openai/openai-node) to permit the latest version.
<details>
<summary>Release notes</summary>
<p><em>Sourced from <a href=""https://github.com/openai/openai-node/releases"">openai's releases</a>.</em></p>
<blockquote>
<h2>v4.77.0</h2>
<h2>4.77.0 (2024-12-17)</h2>
<p>Full Changelog: <a href=""https://github.com/openai/openai-node/compare/v4.76.3...v4.77.0"">v4.76.3...v4.77.0</a></p>
<h3>Features</h3>
<ul>
<li><strong>api:</strong> new o1 and GPT-4o models + preference fine-tuning (<a href=""https://redirect.github.com/openai/openai-node/issues/1229"">#1229</a>) (<a href=""https://github.com/openai/openai-node/commit/2e872d4ac3717ab8f61741efffb7a31acd798338"">2e872d4</a>)</li>
</ul>
<h3>Chores</h3>
<ul>
<li><strong>internal:</strong> fix some typos (<a href=""https://redirect.github.com/openai/openai-node/issues/1227"">#1227</a>) (<a href=""https://github.com/openai/openai-node/commit/d51fcfe3a66550a684eeeb0e6f17e1d9825cdf78"">d51fcfe</a>)</li>
<li><strong>internal:</strong> spec update (<a href=""https://redirect.github.com/openai/openai-node/issues/1230"">#1230</a>) (<a href=""https://github.com/openai/openai-node/commit/ed2b61d32703b64d9f91223bc02627a607f60483"">ed2b61d</a>)</li>
</ul>
</blockquote>
</details>
<details>
<summary>Changelog</summary>
<p><em>Sourced from <a href=""https://github.com/openai/openai-node/blob/master/CHANGELOG.md"">openai's changelog</a>.</em></p>
<blockquote>
<h2>4.77.0 (2024-12-17)</h2>
<p>Full Changelog: <a href=""https://github.com/openai/openai-node/compare/v4.76.3...v4.77.0"">v4.76.3...v4.77.0</a></p>
<h3>Features</h3>
<ul>
<li><strong>api:</strong> new o1 and GPT-4o models + preference fine-tuning (<a href=""https://redirect.github.com/openai/openai-node/issues/1229"">#1229</a>) (<a href=""https://github.com/openai/openai-node/commit/2e872d4ac3717ab8f61741efffb7a31acd798338"">2e872d4</a>)</li>
</ul>
<h3>Chores</h3>
<ul>
<li><strong>internal:</strong> fix some typos (<a href=""https://redirect.github.com/openai/openai-node/issues/1227"">#1227</a>) (<a href=""https://github.com/openai/openai-node/commit/d51fcfe3a66550a684eeeb0e6f17e1d9825cdf78"">d51fcfe</a>)</li>
<li><strong>internal:</strong> spec update (<a href=""https://redirect.github.com/openai/openai-node/issues/1230"">#1230</a>) (<a href=""https://github.com/openai/openai-node/commit/ed2b61d32703b64d9f91223bc02627a607f60483"">ed2b61d</a>)</li>
</ul>
<h2>4.76.3 (2024-12-13)</h2>
<p>Full Changelog: <a href=""https://github.com/openai/openai-node/compare/v4.76.2...v4.76.3"">v4.76.2...v4.76.3</a></p>
<h3>Chores</h3>
<ul>
<li><strong>internal:</strong> better ecosystem test debugging (<a href=""https://github.com/openai/openai-node/commit/86fc0a81ede2780d3fcebaabff3d9fa9a36cc9c0"">86fc0a8</a>)</li>
</ul>
<h3>Documentation</h3>
<ul>
<li><strong>README:</strong> fix helpers section links (<a href=""https://redirect.github.com/openai/openai-node/issues/1224"">#1224</a>) (<a href=""https://github.com/openai/openai-node/commit/efbe30a156cec1836d3db28f663066b33be57ba2"">efbe30a</a>)</li>
</ul>
<h2>4.76.2 (2024-12-12)</h2>
<p>Full Changelog: <a href=""https://github.com/openai/openai-node/compare/v4.76.1...v4.76.2"">v4.76.1...v4.76.2</a></p>
<h3>Chores</h3>
<ul>
<li><strong>internal:</strong> update isAbsoluteURL (<a href=""https://redirect.github.com/openai/openai-node/issues/1223"">#1223</a>) (<a href=""https://github.com/openai/openai-node/commit/e908ed759996fb7706baf46d094fc77419423971"">e908ed7</a>)</li>
<li><strong>types:</strong> nicer error class types + jsdocs (<a href=""https://redirect.github.com/openai/openai-node/issues/1219"">#1219</a>) (<a href=""https://github.com/openai/openai-node/commit/576d24cc4b3d766dfe28a6031bdc24ac1b711655"">576d24c</a>)</li>
</ul>
<h2>4.76.1 (2024-12-10)</h2>
<p>Full Changelog: <a href=""https://github.com/openai/openai-node/compare/v4.76.0...v4.76.1"">v4.76.0...v4.76.1</a></p>
<h3>Chores</h3>
<ul>
<li><strong>internal:</strong> bump cross-spawn to v7.0.6 (<a href=""https://redirect.github.com/openai/openai-node/issues/1217"">#1217</a>) (<a href=""https://github.com/openai/openai-node/commit/c07ad298d58e5aeaf816ee3de65fd59bf3fc8b66"">c07ad29</a>)</li>
<li><strong>internal:</strong> remove unnecessary getRequestClient function (<a href=""https://redirect.github.com/openai/openai-node/issues/1215"">#1215</a>) (<a href=""https://github.com/openai/openai-node/commit/bef392526cd339f45c574bc476649c77be36c612"">bef3925</a>)</li>
</ul>
<h2>4.76.0 (2024-12-05)</h2>
<p>Full Changelog: <a href=""https://github.com/openai/openai-node/compare/v4.75.0...v4.76.0"">v4.75.0...v4.76.0</a></p>
<h3>Features</h3>
<!-- raw HTML omitted -->
</blockquote>
<p>... (truncated)</p>
</details>
<details>
<summary>Commits</summary>
<ul>
<li><a href=""https://github.com/openai/openai-node/commit/21c3ed6db585433880c2462b3c62abcbe7ec6903""><code>21c3ed6</code></a> release: 4.77.0</li>
<li><a href=""https://github.com/openai/openai-node/commit/13fa61db5e3407be684868db488c46d95f6805bf""><code>13fa61d</code></a> chore(internal): spec update (<a href=""https://redirect.github.com/openai/openai-node/issues/1230"">#1230</a>)</li>
<li><a href=""https://github.com/openai/openai-node/commit/4984aaccbddcd05349c0c47c608b387b5b1f7ef6""><code>4984aac</code></a> feat(api): new o1 and GPT-4o models + preference fine-tuning (<a href=""https://redirect.github.com/openai/openai-node/issues/1229"">#1229</a>)</li>
<li><a href=""https://github.com/openai/openai-node/commit/bd1a82dc8f867c271fc6f226c7d98f8de439ab7c""><code>bd1a82d</code></a> chore(internal): fix some typos (<a href=""https://redirect.github.com/openai/openai-node/issues/1227"">#1227</a>)</li>
<li><a href=""https://github.com/openai/openai-node/commit/f361a0c0eb6ae72a902863d6e338f71dc55e416a""><code>f361a0c</code></a> release: 4.76.3</li>
<li><a href=""https://github.com/openai/openai-node/commit/3a6bfe41e3b7277032844ff12186d6f0d0f83554""><code>3a6bfe4</code></a> docs(README): fix helpers section links (<a href=""https://redirect.github.com/openai/openai-node/issues/1224"">#1224</a>)</li>
<li><a href=""https://github.com/openai/openai-node/commit/28649f8de711c6379edb6b9e656a9ac3bafdf763""><code>28649f8</code></a> chore(internal): better ecosystem test debugging</li>
<li><a href=""https://github.com/openai/openai-node/commit/6608f957b62a734c93c006bade5e3b0b8b577c4c""><code>6608f95</code></a> release: 4.76.2</li>
<li><a href=""https://github.com/openai/openai-node/commit/f13fed4137bbbe2e6e0a83c1820ccdeecb6ddf01""><code>f13fed4</code></a> chore(internal): update isAbsoluteURL (<a href=""https://redirect.github.com/openai/openai-node/issues/1223"">#1223</a>)</li>
<li><a href=""https://github.com/openai/openai-node/commit/94ef9d75f20699e80c81fb0defd31dc62d8d3585""><code>94ef9d7</code></a> chore(types): nicer error class types + jsdocs (<a href=""https://redirect.github.com/openai/openai-node/issues/1219"">#1219</a>)</li>
<li>Additional commits viewable in <a href=""https://github.com/openai/openai-node/compare/v4.57.0...v4.77.0"">compare view</a></li>
</ul>
</details>
<br />


Dependabot will resolve any conflicts with this PR as long as you don't alter it yourself. You can also trigger a rebase manually by commenting `@dependabot rebase`.

[//]: # (dependabot-automerge-start)
[//]: # (dependabot-automerge-end)

---

<details>
<summary>Dependabot commands and options</summary>
<br />

You can trigger Dependabot actions by commenting on this PR:
- `@dependabot rebase` will rebase this PR
- `@dependabot recreate` will recreate this PR, overwriting any edits that have been made to it
- `@dependabot merge` will merge this PR after your CI passes on it
- `@dependabot squash and merge` will squash and merge this PR after your CI passes on it
- `@dependabot cancel merge` will cancel a previously requested merge and block automerging
- `@dependabot reopen` will reopen this PR if it is closed
- `@dependabot close` will close this PR and stop Dependabot recreating it. You can achieve the same result by closing it manually
- `@dependabot show <dependency name> ignore conditions` will show all of the ignore conditions of the specified dependency
- `@dependabot ignore this major version` will close this PR and stop Dependabot creating any more for this major version (unless you reopen the PR or upgrade to it yourself)
- `@dependabot ignore this minor version` will close this PR and stop Dependabot creating any more for this minor version (unless you reopen the PR or upgrade to it yourself)
- `@dependabot ignore this dependency` will close this PR and stop Dependabot creating any more for this dependency (unless you reopen the PR or upgrade to it yourself)


</details>"
